owl,swan,duck,eagle,turkey,dodo,dove,fowl,flamingo
1.0,0.8921845507669348,0.8839068845602553,0.9073693210604863,0.897606099749584,0.8848815293937912,0.8998070764044508,0.8813755408446088,0.9163728160831514
0.8921845507669348,1.0,0.8903511992640006,0.9065008913741593,0.8924684430435764,0.9008027208471124,0.9018684111737312,0.8873941782210211,0.9187833851105824
0.8839068845602553,0.8903511992640006,1.0,0.9110053129344446,0.9175799576625676,0.915793094017106,0.9039159991524435,0.9168749694009247,0.8835397000820768
0.9073693210604863,0.9065008913741593,0.9110053129344446,1.0,0.8878393144967658,0.8818090915564215,0.8930132132305306,0.8955470915875793,0.8908539612709558
0.897606099749584,0.8924684430435764,0.9175799576625676,0.8878393144967658,1.0,0.9131495003660772,0.8942701330677436,0.8912373803874952,0.9017078433263299
0.8848815293937912,0.9008027208471124,0.915793094017106,0.8818090915564215,0.9131495003660772,1.0,0.8856369689989905,0.9120878792301617,0.8829820257471909
0.8998070764044508,0.9018684111737312,0.9039159991524435,0.8930132132305306,0.8942701330677436,0.8856369689989905,1.0,0.9194754774640207,0.9108897907718664
0.8813755408446088,0.8873941782210211,0.9168749694009247,0.8955470915875793,0.8912373803874952,0.9120878792301617,0.9194754774640207,1.0,0.8879486272613669
0.9163728160831514,0.9187833851105824,0.8835397000820768,0.8908539612709558,0.9017078433263299,0.8829820257471909,0.9108897907718664,0.8879486272613669,1.0
